datum,stevilke
25.10.2019,1
25.10.2019,2
18.10.2019,6
18.10.2019,9
11.10.2019,4
11.10.2019,9
04.10.2019,7
04.10.2019,8
27.09.2019,4
27.09.2019,6
20.09.2019,4
20.09.2019,8
13.09.2019,2
13.09.2019,9
06.09.2019,1
06.09.2019,5
30.08.2019,3
30.08.2019,10
23.08.2019,4
23.08.2019,6
16.08.2019,3
16.08.2019,7
09.08.2019,9
09.08.2019,10
02.08.2019,9
02.08.2019,10
26.07.2019,1
26.07.2019,3
19.07.2019,7
19.07.2019,9
12.07.2019,7
12.07.2019,9
05.07.2019,6
05.07.2019,10
28.06.2019,5
28.06.2019,6
21.06.2019,1
21.06.2019,7
24.05.2019,3
24.05.2019,7
17.05.2019,5
17.05.2019,9
10.05.2019,3
10.05.2019,8
03.05.2019,1
03.05.2019,7
26.04.2019,4
26.04.2019,8
19.04.2019,1
19.04.2019,3
12.04.2019,4
12.04.2019,8
05.04.2019,1
05.04.2019,9
29.03.2019,8
29.03.2019,9
22.03.2019,7
22.03.2019,9
15.03.2019,2
15.03.2019,7
08.03.2019,1
08.03.2019,7
01.03.2019,1
01.03.2019,6
22.02.2019,8
22.02.2019,10
15.02.2019,7
15.02.2019,9
08.02.2019,4
08.02.2019,5
01.02.2019,2
01.02.2019,3
25.01.2019,4
25.01.2019,8
21.12.2018,2
21.12.2018,10
14.12.2018,9
14.12.2018,10
07.12.2018,4
07.12.2018,6
30.11.2018,3
30.11.2018,4
23.11.2018,5
23.11.2018,10
16.11.2018,5
16.11.2018,6
09.11.2018,3
09.11.2018,5
02.11.2018,9
02.11.2018,10
26.10.2018,4
26.10.2018,10
19.10.2018,7
19.10.2018,8
12.10.2018,2
12.10.2018,9
05.10.2018,5
05.10.2018,7
28.09.2018,6
28.09.2018,10
21.09.2018,2
21.09.2018,10
14.09.2018,5
14.09.2018,9
07.09.2018,1
07.09.2018,6
31.08.2018,2
31.08.2018,7
24.08.2018,6
24.08.2018,9
17.08.2018,3
17.08.2018,4
20.07.2018,7
20.07.2018,9
13.07.2018,2
13.07.2018,5
06.07.2018,5
06.07.2018,8
22.06.2018,6
22.06.2018,7
15.06.2018,3
15.06.2018,10
08.06.2018,9
08.06.2018,10
01.06.2018,4
01.06.2018,7
25.05.2018,3
25.05.2018,8
18.05.2018,2
18.05.2018,8
11.05.2018,5
11.05.2018,10
04.05.2018,3
04.05.2018,6
27.04.2018,9
27.04.2018,10
20.04.2018,2
20.04.2018,4
13.04.2018,7
13.04.2018,10
06.04.2018,4
06.04.2018,8
30.03.2018,5
30.03.2018,7
09.03.2018,4
09.03.2018,7
02.03.2018,3
02.03.2018,5
23.02.2018,4
23.02.2018,10
16.02.2018,9
16.02.2018,10
09.02.2018,4
09.02.2018,8
02.02.2018,7
02.02.2018,8
26.01.2018,3
26.01.2018,5
19.01.2018,4
19.01.2018,9
12.01.2018,2
12.01.2018,9
05.01.2018,7
05.01.2018,10
29.12.2017,2
29.12.2017,4
22.12.2017,1
22.12.2017,6
15.12.2017,1
15.12.2017,4
08.12.2017,1
08.12.2017,5
01.12.2017,2
01.12.2017,7
24.11.2017,7
24.11.2017,8
17.11.2017,2
17.11.2017,5
10.11.2017,8
10.11.2017,9
03.11.2017,6
03.11.2017,7
27.10.2017,4
27.10.2017,5
20.10.2017,1
20.10.2017,6
13.10.2017,1
13.10.2017,8
06.10.2017,1
06.10.2017,8
29.09.2017,7
29.09.2017,10
22.09.2017,2
22.09.2017,5
15.09.2017,3
15.09.2017,7
08.09.2017,4
08.09.2017,5
25.08.2017,5
25.08.2017,9
18.08.2017,3
18.08.2017,6
11.08.2017,1
11.08.2017,3
04.08.2017,4
04.08.2017,6
28.07.2017,1
28.07.2017,5
21.07.2017,2
21.07.2017,3
14.07.2017,8
14.07.2017,9
07.07.2017,6
07.07.2017,9
30.06.2017,3
30.06.2017,6
23.06.2017,2
23.06.2017,4
16.06.2017,1
16.06.2017,7
09.06.2017,5
09.06.2017,8
02.06.2017,1
02.06.2017,8
26.05.2017,1
26.05.2017,9
19.05.2017,2
19.05.2017,6
12.05.2017,1
12.05.2017,2
05.05.2017,6
05.05.2017,8
28.04.2017,3
28.04.2017,5
21.04.2017,6
21.04.2017,8
14.04.2017,1
14.04.2017,5
07.04.2017,4
07.04.2017,8
31.03.2017,1
31.03.2017,7
24.03.2017,3
24.03.2017,9
17.03.2017,7
17.03.2017,8
10.03.2017,7
10.03.2017,8
03.03.2017,2
03.03.2017,10
24.02.2017,6
24.02.2017,8
17.02.2017,5
17.02.2017,6
10.02.2017,2
10.02.2017,5
03.02.2017,3
03.02.2017,4
27.01.2017,7
27.01.2017,9
20.01.2017,5
20.01.2017,8
13.01.2017,1
13.01.2017,6
06.01.2017,3
06.01.2017,5
30.12.2016,1
30.12.2016,9
23.12.2016,3
23.12.2016,4
16.12.2016,6
16.12.2016,8
09.12.2016,2
09.12.2016,10
02.12.2016,3
02.12.2016,7
25.11.2016,1
25.11.2016,6
18.11.2016,1
18.11.2016,6
11.11.2016,6
11.11.2016,8
04.11.2016,2
04.11.2016,10
28.10.2016,1
28.10.2016,6
21.10.2016,3
21.10.2016,9
14.10.2016,3
14.10.2016,6
07.10.2016,6
07.10.2016,9
30.09.2016,8
30.09.2016,10
23.09.2016,5
23.09.2016,8
16.09.2016,2
16.09.2016,5
09.09.2016,6
09.09.2016,10
02.09.2016,1
02.09.2016,8
26.08.2016,5
26.08.2016,9
19.08.2016,6
19.08.2016,10
12.08.2016,1
12.08.2016,4
05.08.2016,2
05.08.2016,5
29.07.2016,5
29.07.2016,10
22.07.2016,2
22.07.2016,4
01.07.2016,2
01.07.2016,4
24.06.2016,1
24.06.2016,6
17.06.2016,1
17.06.2016,3
10.06.2016,8
10.06.2016,10
03.06.2016,6
03.06.2016,9
27.05.2016,5
27.05.2016,9
20.05.2016,4
20.05.2016,7
13.05.2016,1
13.05.2016,10
06.05.2016,6
06.05.2016,10
29.04.2016,2
29.04.2016,10
22.04.2016,1
22.04.2016,2
15.04.2016,6
15.04.2016,7
08.04.2016,1
08.04.2016,7
01.04.2016,8
01.04.2016,10
25.03.2016,3
25.03.2016,4
18.03.2016,4
18.03.2016,7
11.03.2016,3
11.03.2016,9
04.03.2016,3
04.03.2016,10
26.02.2016,7
26.02.2016,10
19.02.2016,3
19.02.2016,4
12.02.2016,1
12.02.2016,2
05.02.2016,5
05.02.2016,8
29.01.2016,4
29.01.2016,9
22.01.2016,4
22.01.2016,9
15.01.2016,1
15.01.2016,9
08.01.2016,3
08.01.2016,8
01.01.2016,5
01.01.2016,6
25.12.2015,3
25.12.2015,9
18.12.2015,5
18.12.2015,9
11.12.2015,8
11.12.2015,10
04.12.2015,2
04.12.2015,8
27.11.2015,3
27.11.2015,4
20.11.2015,5
20.11.2015,9
13.11.2015,3
13.11.2015,10
06.11.2015,3
06.11.2015,9
30.10.2015,3
30.10.2015,5
23.10.2015,6
23.10.2015,8
16.10.2015,3
16.10.2015,9
09.10.2015,3
09.10.2015,9
02.10.2015,2
02.10.2015,8
25.09.2015,3
25.09.2015,6
18.09.2015,1
18.09.2015,7
11.09.2015,5
11.09.2015,7
04.09.2015,3
04.09.2015,7
28.08.2015,3
28.08.2015,8
21.08.2015,3
21.08.2015,9
14.08.2015,2
14.08.2015,6
07.08.2015,4
07.08.2015,7
31.07.2015,1
31.07.2015,5
24.07.2015,3
24.07.2015,6
17.07.2015,1
17.07.2015,3
10.07.2015,3
10.07.2015,6
03.07.2015,5
03.07.2015,9
26.06.2015,1
26.06.2015,8
19.06.2015,5
19.06.2015,10
12.06.2015,6
12.06.2015,8
05.06.2015,1
05.06.2015,5
29.05.2015,1
29.05.2015,6
22.05.2015,1
22.05.2015,5
15.05.2015,9
15.05.2015,10
08.05.2015,8
08.05.2015,9
01.05.2015,4
01.05.2015,6
24.04.2015,3
24.04.2015,9
17.04.2015,3
17.04.2015,8
10.04.2015,3
10.04.2015,4
03.04.2015,2
03.04.2015,4
27.03.2015,3
27.03.2015,9
20.03.2015,5
20.03.2015,7
13.03.2015,1
13.03.2015,2
06.03.2015,2
06.03.2015,3
27.02.2015,8
27.02.2015,10
20.02.2015,2
20.02.2015,7
13.02.2015,6
13.02.2015,9
06.02.2015,5
06.02.2015,10
30.01.2015,2
30.01.2015,8
23.01.2015,1
23.01.2015,3
16.01.2015,5
16.01.2015,6
09.01.2015,5
09.01.2015,9
02.01.2015,5
02.01.2015,6
26.12.2014,5
26.12.2014,7
19.12.2014,5
19.12.2014,9
12.12.2014,7
12.12.2014,9
05.12.2014,4
05.12.2014,9
28.11.2014,6
28.11.2014,9
21.11.2014,4
21.11.2014,5
14.11.2014,2
14.11.2014,5
07.11.2014,4
07.11.2014,8
31.10.2014,3
31.10.2014,8
24.10.2014,2
24.10.2014,4
17.10.2014,7
17.10.2014,8
10.10.2014,4
10.10.2014,6
03.10.2014,4
03.10.2014,8
26.09.2014,4
26.09.2014,7
19.09.2014,1
19.09.2014,8
12.09.2014,3
12.09.2014,5
05.09.2014,5
05.09.2014,6
29.08.2014,2
29.08.2014,6
22.08.2014,2
22.08.2014,8
15.08.2014,4
15.08.2014,6
08.08.2014,3
08.08.2014,4
01.08.2014,3
01.08.2014,6
25.07.2014,2
25.07.2014,5
18.07.2014,5
18.07.2014,8
11.07.2014,4
11.07.2014,6
04.07.2014,1
04.07.2014,8
27.06.2014,4
27.06.2014,6
20.06.2014,6
20.06.2014,8
13.06.2014,1
13.06.2014,6
06.06.2014,4
06.06.2014,8
30.05.2014,4
30.05.2014,7
23.05.2014,7
23.05.2014,8
16.05.2014,2
16.05.2014,8
09.05.2014,3
09.05.2014,4
02.05.2014,6
02.05.2014,8
25.04.2014,3
25.04.2014,4
18.04.2014,2
18.04.2014,3
11.04.2014,1
11.04.2014,2
04.04.2014,4
04.04.2014,6
28.03.2014,4
28.03.2014,5
14.03.2014,4
14.03.2014,7
07.03.2014,1
07.03.2014,8
28.02.2014,1
28.02.2014,5
21.02.2014,7
21.02.2014,8
14.02.2014,6
14.02.2014,7
07.02.2014,3
07.02.2014,4
31.01.2014,5
31.01.2014,6
24.01.2014,3
24.01.2014,7
17.01.2014,2
17.01.2014,4
10.01.2014,2
10.01.2014,8
03.01.2014,4
03.01.2014,6
27.12.2013,3
27.12.2013,7
20.12.2013,6
20.12.2013,8
13.12.2013,2
13.12.2013,8
06.12.2013,2
06.12.2013,7
29.11.2013,4
29.11.2013,7
22.11.2013,1
22.11.2013,2
15.11.2013,4
15.11.2013,8
08.11.2013,3
08.11.2013,4
01.11.2013,5
01.11.2013,8
25.10.2013,2
25.10.2013,8
18.10.2013,1
18.10.2013,3
11.10.2013,7
11.10.2013,8
04.10.2013,1
04.10.2013,8
27.09.2013,1
27.09.2013,4
20.09.2013,5
20.09.2013,7
13.09.2013,1
13.09.2013,7
06.09.2013,4
06.09.2013,5
30.08.2013,2
30.08.2013,8
23.08.2013,2
23.08.2013,3
16.08.2013,3
16.08.2013,8
09.08.2013,1
09.08.2013,6
02.08.2013,2
02.08.2013,5
26.07.2013,3
26.07.2013,4
12.07.2013,2
12.07.2013,7
05.07.2013,5
05.07.2013,7
28.06.2013,3
28.06.2013,8
21.06.2013,2
21.06.2013,7
14.06.2013,3
14.06.2013,8
07.06.2013,2
07.06.2013,6
31.05.2013,2
31.05.2013,7
24.05.2013,3
24.05.2013,5
17.05.2013,1
17.05.2013,8
10.05.2013,1
10.05.2013,7
03.05.2013,3
03.05.2013,7
26.04.2013,4
26.04.2013,5
19.04.2013,1
19.04.2013,6
12.04.2013,1
12.04.2013,8
05.04.2013,2
05.04.2013,6
29.03.2013,5
29.03.2013,7
22.03.2013,5
22.03.2013,6
15.03.2013,5
15.03.2013,7
08.03.2013,2
08.03.2013,5
01.03.2013,1
01.03.2013,5
22.02.2013,3
22.02.2013,8
15.02.2013,3
15.02.2013,5
08.02.2013,1
08.02.2013,7
01.02.2013,6
01.02.2013,7
25.01.2013,7
25.01.2013,8
18.01.2013,6
18.01.2013,7
11.01.2013,2
11.01.2013,3
04.01.2013,5
04.01.2013,8
28.12.2012,7
28.12.2012,8
21.12.2012,4
21.12.2012,8
14.12.2012,5
14.12.2012,8
07.12.2012,3
07.12.2012,5
30.11.2012,6
30.11.2012,7
23.11.2012,2
23.11.2012,5
16.11.2012,4
16.11.2012,7
09.11.2012,3
09.11.2012,8
02.11.2012,5
02.11.2012,7
26.10.2012,4
26.10.2012,5
19.10.2012,3
19.10.2012,8
12.10.2012,4
12.10.2012,8
05.10.2012,2
05.10.2012,7
28.09.2012,1
28.09.2012,6
21.09.2012,1
21.09.2012,5
14.09.2012,4
14.09.2012,8
07.09.2012,2
07.09.2012,4
31.08.2012,4
31.08.2012,8
24.08.2012,5
24.08.2012,7
17.08.2012,2
17.08.2012,5
10.08.2012,3
10.08.2012,6
03.08.2012,4
03.08.2012,5
27.07.2012,1
27.07.2012,3
20.07.2012,1
20.07.2012,8
13.07.2012,3
13.07.2012,6
06.07.2012,2
06.07.2012,6
29.06.2012,2
29.06.2012,3
22.06.2012,1
22.06.2012,7
15.06.2012,1
15.06.2012,3
08.06.2012,7
08.06.2012,8
01.06.2012,3
01.06.2012,7
25.05.2012,5
25.05.2012,7
18.05.2012,4
18.05.2012,5
11.05.2012,1
11.05.2012,5
04.05.2012,3
04.05.2012,5
27.04.2012,3
27.04.2012,5
20.04.2012,2
20.04.2012,8
13.04.2012,1
13.04.2012,3
06.04.2012,4
06.04.2012,5
30.03.2012,1
30.03.2012,5
23.03.2012,6
23.03.2012,8
